Network,Params_P,T_Train_ms,T_Proj_ms,T_Detect_ms,Overhead_Factor_%
LeNet5,44426,65.13397759918007,251.82570999895688,23.41888639930403,422.5822014004036
ResNet20,272474,313.0056060006609,1599.4364841011702,15.932202000112738,516.0829886535233
ResNet18,11173962,336.1101181995764,64389.92340199911,15.954713099927176,19162.13604639416
